文章名,是否原创,访问量,评论数,发表时间,文章链接
什么是框架？框架的作用是什么？为什么要学习框架？,原创,13323,17,2019-07-31 20:59:54,https://blog.csdn.net/IT_SoftEngineer/article/details/97960041
黑苹果安装包（MaxOS）及教程——如何在非苹果电脑上安装MaxOS系统,原创,13950,2,2018-09-29 19:59:23,https://blog.csdn.net/IT_SoftEngineer/article/details/82901834
selenium启动chrome时弹出设置页面:Windows Defender 防病毒要重置您的设置,原创,72,0,2020-07-21 16:54:16,https://blog.csdn.net/IT_SoftEngineer/article/details/107492726
您使用的是不受支持的命令行标记:--ignore-certificate-errors,原创,90,0,2020-07-21 16:44:55,https://blog.csdn.net/IT_SoftEngineer/article/details/107492150
TypeError: add_yaxis() got an unexpected keyword argument ‘yaxis_data‘,原创,73,0,2020-07-18 12:22:30,https://blog.csdn.net/IT_SoftEngineer/article/details/107427069
AttributeError: ‘DatetimeIndex‘ object has no attribute ‘weekday_name‘,原创,147,0,2020-07-18 00:23:47,https://blog.csdn.net/IT_SoftEngineer/article/details/107420663
from sklearn.datasets import load_boston报错ImportError: DLL load failed: 找不到指定的程序,原创,73,0,2020-07-15 12:02:03,https://blog.csdn.net/IT_SoftEngineer/article/details/107357782
python中tsv文件的读取方法,原创,142,0,2020-07-13 21:02:43,https://blog.csdn.net/IT_SoftEngineer/article/details/107325062
matplotlib绘图时设置中文标题显示出错的问题,原创,81,0,2020-07-10 21:20:54,https://blog.csdn.net/IT_SoftEngineer/article/details/107268823
执行load npz时报错：Object arrays cannot be loaded when allow_pickle=False解决方案,原创,44,0,2020-07-10 20:40:50,https://blog.csdn.net/IT_SoftEngineer/article/details/107267013
github+picgo+typora搭建免费图床,原创,86,0,2020-07-05 12:17:59,https://blog.csdn.net/IT_SoftEngineer/article/details/107137224
git中Updates were rejected because the tip of your current branch is behind解决方案,原创,60,0,2020-07-05 00:35:23,https://blog.csdn.net/IT_SoftEngineer/article/details/107133313
git中出现error: Your local changes to the following files would be overwritten by merge的解决方案,原创,146,0,2020-07-05 00:31:01,https://blog.csdn.net/IT_SoftEngineer/article/details/107133284
墨墨背单词(最新无限单词版---持续更新),原创,3076,6,2020-05-27 22:40:45,https://blog.csdn.net/IT_SoftEngineer/article/details/106392131
使用obs进行windows10屏幕投屏时出现黑屏情况解决方案,原创,260,0,2020-05-25 23:15:53,https://blog.csdn.net/IT_SoftEngineer/article/details/106344643
最新国产操作系统uos一小时使用体验,原创,642,0,2020-04-10 14:13:57,https://blog.csdn.net/IT_SoftEngineer/article/details/105431449
第六阶段：多任务,原创,70,0,2020-02-23 12:17:01,https://blog.csdn.net/IT_SoftEngineer/article/details/104457716
文件夹下载器案例实战,原创,50,0,2020-02-21 23:19:14,https://blog.csdn.net/IT_SoftEngineer/article/details/104436971
第五阶段：网络编程,原创,64,0,2020-02-20 22:51:22,https://blog.csdn.net/IT_SoftEngineer/article/details/104420048
第四阶段：飞机大战项目实战,原创,79,0,2020-02-20 13:11:58,https://blog.csdn.net/IT_SoftEngineer/article/details/104409033
pygame插入图片后背景不显示图片,原创,1128,1,2020-02-19 14:27:28,https://blog.csdn.net/IT_SoftEngineer/article/details/104392553
第三阶段：面向对象,原创,137,0,2020-02-19 11:17:04,https://blog.csdn.net/IT_SoftEngineer/article/details/104389478
第一阶段：Linux基础,原创,103,0,2020-02-18 22:31:32,https://blog.csdn.net/IT_SoftEngineer/article/details/104384288
第二阶段：python基础,原创,681,1,2020-02-10 17:09:12,https://blog.csdn.net/IT_SoftEngineer/article/details/104251449
使用tcp实现小型客服服务系统,原创,171,0,2020-02-02 20:16:09,https://blog.csdn.net/IT_SoftEngineer/article/details/104148835
远程连接报错：connect to localhost port 22: Connection refused,原创,195,0,2020-01-20 16:50:00,https://blog.csdn.net/IT_SoftEngineer/article/details/104053655
如何用手机连接没有wifi的打印机,原创,3316,0,2020-01-19 00:27:53,https://blog.csdn.net/IT_SoftEngineer/article/details/104035189
共享打印机出现0x00000569代码解决方案(亲测有效),原创,1750,0,2020-01-19 00:13:09,https://blog.csdn.net/IT_SoftEngineer/article/details/104035168
虚拟机CentOS7下搭建hadoop集群（持续更新）,原创,144,0,2019-10-12 00:18:42,https://blog.csdn.net/IT_SoftEngineer/article/details/102505841
软考是否有用？软考证书的价值有多大？为什么要软考？,原创,2739,0,2019-08-20 21:13:20,https://blog.csdn.net/IT_SoftEngineer/article/details/99870539
Pokemon Go游戏开发教程(持续更新),原创,1328,0,2019-08-03 17:55:22,https://blog.csdn.net/IT_SoftEngineer/article/details/97766593
eclipse快捷操作（如何更加便捷的使用eclipse来编程：持续更新）,原创,973,0,2019-08-02 22:11:30,https://blog.csdn.net/IT_SoftEngineer/article/details/98244398
jdk+eclipse+mysql+navicat安装教程详解,原创,962,0,2019-07-31 22:19:59,https://blog.csdn.net/IT_SoftEngineer/article/details/97968175
MyBatis框架系统学习（持续更新）,原创,819,0,2019-07-31 20:41:58,https://blog.csdn.net/IT_SoftEngineer/article/details/97959760
愤怒的小鸟游戏开发教程（持续更新）,原创,4067,1,2019-07-31 17:28:34,https://blog.csdn.net/IT_SoftEngineer/article/details/97910753
unity实战——穿越火线,原创,1209,8,2019-07-23 13:07:12,https://blog.csdn.net/IT_SoftEngineer/article/details/96973289
linux系统学习(持续更新),原创,833,0,2019-07-22 21:52:14,https://blog.csdn.net/IT_SoftEngineer/article/details/96899467
unity系统学习——UI学习(持续更新),原创,852,0,2019-07-22 17:35:12,https://blog.csdn.net/IT_SoftEngineer/article/details/96876813
c#重点提炼(持续更新),原创,800,0,2019-07-22 16:22:48,https://blog.csdn.net/IT_SoftEngineer/article/details/96869364
从实战学习unity开发——贪吃球实战教程(持续更新),原创,899,0,2019-07-22 15:16:28,https://blog.csdn.net/IT_SoftEngineer/article/details/96847858
